day,median_ct_others,median_ct_total,share_at_a_cap_value_others,share_at_a_cap_value_total,stockout_h_others,stockout_h_total,stations_others,stations_total,cap_ct,market_minus_cap_ct
2026-01-05,159.9000,166.4000,0.0000,0.0000,0.0176,0.0496,4834,1438,,
2026-01-06,160.3450,167.7200,0.0000,0.0000,0.0318,0.0771,5558,1669,,
2026-01-07,160.8000,168.2700,0.0000,0.0000,0.0612,0.1607,5948,1786,,
2026-01-08,160.9000,168.4000,0.0000,0.0000,0.0603,0.2643,6152,1831,,
2026-01-09,160.9000,168.5000,0.0000,0.0000,0.0347,0.2571,6311,1865,,
2026-01-10,160.9000,168.6000,0.0000,0.0000,0.0284,0.3120,6435,1898,,
2026-01-11,160.9000,168.6000,0.0000,0.0000,0.0399,0.3292,6466,1900,,
2026-01-12,160.9000,168.7000,0.0000,0.0000,0.0468,0.3406,6470,1903,,
2026-01-13,161.1100,168.9000,0.0000,0.0000,0.0525,0.2339,6544,1918,,
2026-01-14,161.6600,169.5000,0.0000,0.0000,0.0473,0.1525,6625,1941,,
2026-01-15,161.9000,170.4800,0.0001,0.0000,0.0374,0.1253,6676,1962,,
2026-01-16,162.8000,170.9000,0.0000,0.0000,0.0316,0.0916,6722,1976,,
2026-01-17,162.9000,171.2000,0.0000,0.0000,0.0394,0.0699,6764,1989,,
2026-01-18,162.9000,171.4000,0.0000,0.0000,0.0494,0.0828,6781,1992,,
2026-01-19,163.1000,171.4000,0.0000,0.0000,0.0527,0.0839,6783,1993,,
2026-01-20,163.5000,171.5000,0.0000,0.0000,0.0637,0.0682,6817,1999,,
2026-01-21,163.8000,171.9000,0.0000,0.0000,0.0659,0.0724,6848,2011,,
2026-01-22,163.9000,172.9300,0.0000,0.0000,0.0555,0.0801,6861,2021,,
2026-01-23,164.3100,172.6650,0.0000,0.0000,0.0464,0.0759,6878,2036,,
2026-01-24,164.8000,172.9000,0.0000,0.0000,0.0450,0.0726,6907,2044,,
2026-01-25,164.9000,172.9000,0.0000,0.0000,0.0500,0.0934,6911,2045,,
2026-01-26,164.9000,172.9000,0.0000,0.0000,0.0577,0.1085,6912,2046,,
2026-01-27,164.9000,172.9000,0.0001,0.0000,0.0604,0.1077,6919,2048,,
2026-01-28,164.9000,172.6100,0.0000,0.0000,0.0618,0.1109,6933,2055,,
2026-01-29,164.9000,173.0100,0.0000,0.0000,0.0595,0.1107,6948,2061,,
2026-01-30,164.9300,173.4100,0.0000,0.0000,0.0604,0.1007,6954,2062,,
2026-01-31,165.3000,173.9000,0.0000,0.0000,0.0540,0.0928,6959,2068,,
2026-02-01,165.5000,174.0000,0.0000,0.0000,0.0713,0.0996,6962,2070,,
2026-02-02,165.7300,174.2000,0.0000,0.0000,0.0829,0.0972,6963,2070,,
2026-02-03,165.9000,174.2000,0.0007,0.0000,0.0726,0.0972,6970,2074,,
2026-02-04,166.1700,174.2000,0.0001,0.0000,0.0603,0.1219,6974,2079,,
2026-02-05,166.2900,174.3000,0.0001,0.0000,0.0582,0.1095,6987,2081,,
2026-02-06,166.3200,174.3000,0.0001,0.0000,0.0566,0.0889,6995,2084,,
2026-02-07,166.3000,174.2500,0.0001,0.0000,0.0596,0.0770,6997,2087,,
2026-02-08,166.3000,174.2000,0.0001,0.0000,0.0681,0.0862,7002,2089,,
2026-02-09,166.4000,174.2550,0.0001,0.0000,0.0709,0.0849,7003,2090,,
2026-02-10,166.4000,174.2300,0.0001,0.0000,0.0742,0.0798,7010,2090,,
2026-02-11,166.3000,174.2650,0.0000,0.0000,0.0727,0.0852,7014,2090,,
2026-02-12,166.3000,174.6000,0.0000,0.0000,0.0756,0.0999,7018,2093,,
2026-02-13,166.3200,174.3000,0.0000,0.0000,0.0736,0.0882,7022,2094,,
2026-02-14,166.2000,173.9000,0.0000,0.0000,0.0719,0.0763,7025,2095,,
2026-02-15,166.2000,173.9000,0.0000,0.0000,0.0846,0.0914,7025,2095,,
2026-02-16,166.1000,173.9000,0.0000,0.0000,0.1025,0.0987,7025,2097,,
2026-02-17,165.9000,173.9000,0.0009,0.0000,0.1044,0.0741,7026,2097,,
2026-02-18,165.9000,173.9000,0.0009,0.0000,0.1066,0.0736,7028,2098,,
2026-02-19,165.9000,174.1700,0.0000,0.0000,0.1107,0.0685,7030,2101,,
2026-02-20,165.3000,175.9600,0.0001,0.0000,0.1006,0.0787,7034,2101,,
2026-02-21,165.4000,176.5000,0.0001,0.0000,0.0996,0.0800,7037,2101,,
2026-02-22,165.9000,176.5000,0.0001,0.0000,0.1079,0.0800,7039,2101,,
2026-02-23,166.8000,176.6000,0.0001,0.0000,0.1100,0.0957,7039,2101,,
2026-02-24,167.5600,176.9000,0.0001,0.0000,0.1016,0.0880,7042,2102,,
2026-02-25,168.1600,176.9400,0.0001,0.0000,0.0983,0.0798,7043,2104,,
2026-02-26,168.8000,177.0000,0.0001,0.0000,0.0963,0.0798,7045,2105,,
2026-02-27,168.9000,177.4500,0.0000,0.0000,0.0896,0.0840,7046,2108,,
2026-02-28,168.9000,177.9000,0.0000,0.0000,0.1050,0.0797,7049,2108,,
2026-03-01,169.0000,177.9000,0.0000,0.0000,0.1254,0.0827,7051,2109,,
2026-03-02,169.7000,178.0000,0.0001,0.0000,0.2201,0.1093,7051,2109,,
2026-03-03,174.3200,183.5900,0.0011,0.0284,0.3711,0.1305,7060,2112,199.0000,-24.6800
2026-03-04,182.1400,193.8200,0.0055,0.4189,0.4397,0.1391,7075,2115,199.0000,-16.8600
2026-03-05,189.7500,196.8350,0.0147,0.4073,0.3946,0.1387,7090,2124,199.0000,-9.2500
2026-03-06,194.9000,199.0000,0.0380,0.6963,0.2797,0.1819,7106,2134,199.0000,-4.1000
2026-03-07,197.2500,199.0000,0.0456,0.8660,0.2384,0.2169,7111,2135,199.0000,-1.7500
2026-03-08,197.9000,199.0000,0.0488,0.8703,0.3008,0.2405,7114,2136,199.0000,-1.1000
2026-03-09,198.9000,199.0000,0.0604,0.8979,0.2879,0.2475,7114,2136,199.0000,-0.1000
2026-03-10,200.4400,199.0000,0.0587,0.9165,0.2370,0.2309,7126,2144,199.0000,1.4400
2026-03-11,202.9000,199.0000,0.0594,0.9176,0.1831,0.2302,7139,2149,199.0000,3.9000
2026-03-12,202.7000,199.0000,0.0608,0.9304,0.1516,0.2066,7144,2155,199.0000,3.7000
2026-03-13,202.9300,203.4500,0.0463,0.1999,0.1355,0.1853,7153,2156,209.0000,-6.0700
2026-03-14,203.3800,204.0000,0.0431,0.1785,0.1396,0.1439,7162,2163,209.0000,-5.6200
2026-03-15,203.9000,204.0000,0.0440,0.1757,0.1503,0.1445,7164,2163,209.0000,-5.1000
2026-03-16,204.3500,204.0000,0.0440,0.1613,0.1727,0.1467,7165,2163,209.0000,-4.6500
2026-03-17,206.1600,208.9900,0.0618,0.8869,0.1672,0.1391,7169,2167,209.0000,-2.8400
2026-03-18,207.0000,209.0000,0.0628,0.9078,0.1522,0.1304,7177,2169,209.0000,-2.0000
2026-03-19,207.7300,209.0000,0.0618,0.9152,0.1562,0.1416,7186,2169,209.0000,-1.2700
2026-03-20,209.9000,209.0000,0.0542,0.9217,0.1623,0.1083,7190,2170,209.0000,0.9000
2026-03-21,213.2000,209.0000,0.0531,0.9240,0.1780,0.1285,7191,2171,209.0000,4.2000
2026-03-22,214.5600,209.0000,0.0518,0.9240,0.2344,0.1663,7194,2171,209.0000,5.5600
2026-03-23,217.7700,209.0000,0.0484,0.9281,0.3408,0.3461,7194,2171,209.0000,8.7700
2026-03-24,222.9000,209.0000,0.0381,0.9333,0.3317,0.6480,7195,2173,209.0000,13.9000
2026-03-25,224.9000,209.0000,0.0353,0.9393,0.2528,1.0450,7196,2173,209.0000,15.9000
2026-03-26,225.0000,209.0000,0.0325,0.9463,0.2220,1.7710,7200,2178,209.0000,16.0000
2026-03-27,224.6600,209.0000,0.0271,0.9477,0.2001,2.8825,7202,2181,209.0000,15.6600
2026-03-28,224.0000,209.0000,0.0258,0.9514,0.2351,3.9949,7205,2182,209.0000,15.0000
2026-03-29,224.0000,209.0000,0.0261,0.9514,0.2890,5.7532,7205,2182,209.0000,15.0000
2026-03-30,224.9000,209.0000,0.0247,0.9519,0.3375,7.4119,7205,2182,209.0000,15.9000
2026-03-31,226.5000,209.0000,0.0241,0.9528,0.3685,7.3252,7206,2183,209.0000,17.5000
2026-04-01,228.2200,209.0000,0.0225,0.9579,0.3993,7.5391,7211,2184,209.0000,19.2200
2026-04-02,228.9000,209.0000,0.0247,0.9616,0.3912,9.3767,7217,2187,209.0000,19.9000
2026-04-03,229.9000,209.0000,0.0223,0.9635,0.3550,10.7372,7219,2190,209.0000,20.9000
2026-04-04,230.9000,209.0000,0.0208,0.9635,0.3705,11.3026,7220,2191,209.0000,21.9000
2026-04-05,231.7000,209.0000,0.0204,0.9635,0.4467,13.1796,7220,2191,209.0000,22.7000
2026-04-06,231.9000,209.0000,0.0202,0.9635,0.5471,15.4188,7220,2191,209.0000,22.9000
2026-04-07,235.3000,209.0000,0.0175,0.9644,0.7144,14.0817,7220,2191,209.0000,26.3000
2026-04-08,240.7250,217.2600,0.0162,0.9653,0.6398,11.5680,7222,2193,225.0000,15.7250
2026-04-09,241.5900,222.5000,0.0155,0.7769,0.4480,9.0884,7223,2196,225.0000,16.5900
2026-04-10,238.5400,225.0000,0.0238,0.7912,0.3413,7.0556,7225,2198,225.0000,13.5400
2026-04-11,235.2450,225.0000,0.0275,0.6917,0.2825,6.1719,7226,2199,225.0000,10.2450
2026-04-12,234.9000,225.0000,0.0280,0.6826,0.2900,6.8762,7227,2199,225.0000,9.9000
2026-04-13,233.5000,225.0000,0.0281,0.6762,0.2976,7.2690,7227,2199,225.0000,8.5000
2026-04-14,231.6000,225.0000,0.0301,0.8395,0.2721,5.6291,7231,2199,225.0000,6.6000
2026-04-15,229.9000,225.0000,0.0318,0.6103,0.2600,4.1250,7234,2199,225.0000,4.9000
2026-04-16,229.2800,223.5400,0.0314,0.4543,0.2372,3.2600,7235,2199,225.0000,4.2800
2026-04-17,227.0500,223.0400,0.0299,0.4502,0.2016,2.5790,7235,2199,225.0000,2.0500
2026-04-18,225.3000,215.3100,0.0264,0.2583,0.2014,2.3504,7237,2199,225.0000,0.3000
2026-04-19,225.0000,212.2000,0.0253,0.2519,0.2155,3.6558,7237,2199,225.0000,0.0000
2026-04-20,224.9000,211.8000,0.0251,0.2142,0.2235,4.6388,7237,2199,225.0000,-0.1000
2026-04-21,222.9000,213.1000,0.0240,0.1910,0.2183,3.8597,7239,2199,225.0000,-2.1000
2026-04-22,220.3900,214.9000,0.0238,0.1883,0.1708,2.6566,7240,2199,225.0000,-4.6100
2026-04-23,219.6500,220.1000,0.0273,0.3409,0.1622,1.5717,7252,2200,225.0000,-5.3500
2026-04-24,218.9000,221.6750,0.0263,0.3556,0.1517,1.0961,7254,2202,225.0000,-6.1000
2026-04-25,218.5400,223.4000,0.0260,0.4204,0.1408,1.0363,7256,2205,225.0000,-6.4600
2026-04-26,218.5850,223.9000,0.0269,0.4231,0.1794,1.1683,7256,2205,225.0000,-6.4150
2026-04-27,218.3700,224.1000,0.0248,0.4440,0.2351,1.1194,7256,2205,225.0000,-6.6300
2026-04-28,218.7200,224.8100,0.0248,0.5488,0.2236,0.9266,7256,2205,225.0000,-6.2800
2026-04-29,219.0000,224.4500,0.0222,0.4467,0.1904,0.7735,7257,2205,225.0000,-6.0000
2026-04-30,219.4000,224.9900,0.0231,0.6059,0.1692,0.7696,7258,2205,225.0000,-5.6000
2026-05-01,219.5000,213.6150,0.0244,0.9053,0.1661,1.1224,7258,2206,225.0000,-5.5000
2026-05-02,219.5800,209.0000,0.0260,0.9271,0.1756,1.9158,7258,2207,225.0000,-5.4200
2026-05-03,219.9000,209.0000,0.0259,0.9298,0.2235,3.8571,7258,2207,225.0000,-5.1000
2026-05-04,219.9000,219.9600,0.0251,0.6869,0.2673,4.8121,7258,2207,225.0000,-5.1000
2026-05-05,220.7600,225.0000,0.0256,0.6436,0.2319,3.3927,7258,2208,225.0000,-4.2400
2026-05-06,220.8100,225.0000,0.0258,0.6258,0.1940,2.0309,7258,2210,225.0000,-4.1900
2026-05-07,220.0000,219.0900,0.0223,0.2546,0.1766,1.3794,7258,2211,225.0000,-5.0000
2026-05-08,219.9000,209.0100,0.0260,0.5563,0.1649,2.0807,7260,2213,225.0000,-5.1000
2026-05-09,219.9000,209.0000,0.0295,0.8522,0.1793,2.9493,7260,2213,225.0000,-5.1000
2026-05-10,219.9000,209.0000,0.0300,0.8708,0.2060,4.7098,7261,2213,225.0000,-5.1000
2026-05-11,218.9000,211.4000,0.0318,0.3339,0.2429,5.7627,7261,2213,225.0000,-6.1000
2026-05-12,217.9000,215.1850,0.0303,0.2254,0.2045,3.8632,7263,2214,225.0000,-7.1000
2026-05-13,215.9000,218.3000,0.0308,0.2086,0.1717,2.1033,7265,2215,225.0000,-9.1000
2026-05-14,214.9000,209.0100,0.0373,0.7834,0.1749,2.1847,7265,2216,225.0000,-10.1000
2026-05-15,213.9000,209.0000,0.0414,0.8881,0.1634,2.2081,7266,2217,225.0000,-11.1000
2026-05-16,213.2600,209.0000,0.0460,0.9143,0.1380,1.8104,7266,2217,225.0000,-11.7400
2026-05-17,213.0000,209.0000,0.0467,0.9179,0.1554,2.3558,7266,2217,225.0000,-12.0000
2026-05-18,213.0000,216.6000,0.0372,0.2837,0.1687,2.4679,7266,2217,225.0000,-12.0000
2026-05-19,213.1900,221.3400,0.0310,0.3028,0.1606,1.4655,7269,2219,225.0000,-11.8100
2026-05-20,213.6000,220.7400,0.0250,0.2168,0.1526,0.9254,7269,2219,225.0000,-11.4000
2026-05-21,213.5300,217.3000,0.0255,0.1621,0.1547,0.7457,7269,2221,225.0000,-11.4700
2026-05-22,212.9000,215.2050,0.0246,0.1526,0.1614,0.7657,7270,2222,225.0000,-12.1000
2026-05-23,212.0000,209.0100,0.0439,0.8438,0.1598,0.9357,7270,2222,225.0000,-13.0000
2026-05-24,211.9000,209.0000,0.0453,0.8677,0.1716,1.2194,7270,2222,225.0000,-13.1000
2026-05-25,211.9000,209.0000,0.0461,0.8798,0.1980,1.7627,7270,2222,225.0000,-13.1000
2026-05-26,211.8000,209.6100,0.0290,0.1935,0.2052,2.0770,7270,2222,225.0000,-13.2000
2026-05-27,210.9000,209.1000,0.0250,0.1206,0.1849,1.7471,7271,2222,225.0000,-14.1000
2026-05-28,209.9000,207.6000,0.0228,0.0981,0.1523,1.4206,7272,2223,225.0000,-15.1000
2026-05-29,207.9100,205.7500,0.0235,0.0859,0.1683,1.2850,7273,2224,225.0000,-17.0900
2026-05-30,206.9000,208.9900,0.0439,0.7972,0.1804,1.5031,7273,2224,225.0000,-18.1000
2026-05-31,206.9000,209.0000,0.0461,0.8183,0.2115,1.8476,7273,2224,225.0000,-18.1000
2026-06-01,204.9000,204.5450,0.0307,0.1461,0.2771,2.0641,7273,2224,225.0000,-20.1000
2026-06-02,201.7750,206.9000,0.0280,0.1052,0.2389,1.7103,7274,2225,225.0000,-23.2250
2026-06-03,199.9000,207.0000,0.0267,0.0849,0.1849,1.1294,7276,2227,225.0000,-25.1000
2026-06-04,199.9000,209.7000,0.0251,0.0790,0.1713,0.8807,7277,2228,225.0000,-25.1000
2026-06-05,199.9000,208.1200,0.0261,0.0700,0.1476,0.6802,7277,2228,225.0000,-25.1000
2026-06-06,199.9000,206.9000,0.0260,0.0664,0.1497,0.6423,7278,2229,225.0000,-25.1000
2026-06-07,199.9000,206.8000,0.0262,0.0664,0.1726,0.7523,7278,2229,225.0000,-25.1000
2026-06-08,199.9000,206.7000,0.0251,0.0646,0.1998,0.7836,7278,2229,225.0000,-25.1000
2026-06-09,199.9000,207.7000,0.0233,0.0655,0.2041,0.6887,7281,2230,225.0000,-25.1000
2026-06-10,199.9000,205.0900,0.0247,0.0556,0.1865,0.6257,7281,2230,225.0000,-25.1000
2026-06-11,199.9000,205.3400,0.0242,0.0565,0.1609,0.5682,7282,2230,225.0000,-25.1000
2026-06-12,199.8000,205.6000,0.0222,0.0533,0.1283,0.5548,7283,2232,225.0000,-25.2000
2026-06-13,199.5000,201.4300,0.0222,0.0605,0.1101,0.5989,7284,2232,225.0000,-25.5000
2026-06-14,199.4000,200.6500,0.0220,0.0591,0.1148,0.7103,7284,2232,225.0000,-25.6000
2026-06-15,199.0000,200.5000,0.0213,0.0591,0.1358,0.8264,7284,2232,225.0000,-26.0000
2026-06-16,198.2200,197.8800,0.0189,0.0569,0.1445,0.6738,7284,2233,225.0000,-26.7800
2026-06-17,196.9000,194.1000,0.0152,0.0466,0.1246,0.6079,7285,2234,225.0000,-28.1000
2026-06-18,195.0000,193.5250,0.0143,0.0470,0.1161,0.6217,7288,2234,225.0000,-30.0000
2026-06-19,192.7900,191.4000,0.0151,0.0470,0.1129,0.6360,7289,2234,225.0000,-32.2100
2026-06-20,190.3650,193.3000,0.0155,0.0649,0.1003,0.6392,7290,2234,225.0000,-34.6350
2026-06-21,189.9000,193.7000,0.0152,0.0680,0.1124,0.7773,7290,2234,225.0000,-35.1000
2026-06-22,189.9000,193.8000,0.0145,0.0591,0.1278,0.8357,7290,2234,225.0000,-35.1000
2026-06-23,188.8500,192.6000,0.0139,0.0501,0.1284,0.7284,7290,2235,225.0000,-36.1500
2026-06-24,187.7850,192.3200,0.0106,0.0470,0.1169,0.7395,7292,2235,225.0000,-37.2150
2026-06-25,186.9000,192.4000,0.0096,0.0447,0.1112,0.6616,7294,2235,225.0000,-38.1000
2026-06-26,186.5000,194.1100,0.0103,0.0456,0.1152,0.6111,7294,2235,225.0000,-38.5000
2026-06-27,185.9000,192.4100,0.0101,0.0434,0.1195,0.6113,7296,2235,225.0000,-39.1000
2026-06-28,185.9000,192.1000,0.0100,0.0416,0.1361,0.7385,7296,2235,225.0000,-39.1000
2026-06-29,186.0000,191.9200,0.0096,0.0403,0.1486,0.8802,7296,2235,225.0000,-39.0000
2026-06-30,186.1000,193.7400,0.0079,0.0421,0.1420,0.7955,7296,2235,,
2026-07-01,186.3700,195.1600,0.0086,0.0711,0.1327,0.6391,7296,2235,,
2026-07-02,186.8000,195.8000,0.0100,0.0845,0.1276,0.5638,7297,2236,,
2026-07-03,185.9600,195.5550,0.0093,0.0877,0.1182,0.5311,7297,2236,,
2026-07-04,186.0950,195.5000,0.0099,0.1288,0.1096,0.5419,7298,2236,,
2026-07-05,186.9000,195.5000,0.0099,0.1292,0.1508,0.6233,7298,2236,,
2026-07-06,187.1050,195.5000,0.0103,0.0917,0.1771,0.7095,7298,2236,,
2026-07-07,187.9000,196.9200,0.0104,0.1212,0.1465,0.6411,7303,2236,,
2026-07-08,188.9000,197.2650,0.0114,0.1292,0.1261,0.5600,7303,2236,,
2026-07-09,189.9000,198.9600,0.0123,0.1988,0.1279,0.5487,7303,2238,,
2026-07-10,192.9000,199.0000,0.0160,0.2148,0.1158,0.5011,7304,2239,,
2026-07-11,195.9000,199.0000,0.0178,0.2635,0.1554,0.5487,7307,2239,,
2026-07-12,196.9000,199.0000,0.0182,0.2644,0.2394,0.7030,7307,2239,,
2026-07-13,197.1000,199.0000,0.0203,0.2666,0.2667,0.8270,7307,2239,,
2026-07-14,197.9000,199.0000,0.0220,0.2747,0.2816,0.9499,7307,2239,,
2026-07-15,198.3900,199.9000,0.0259,0.2358,0.2645,1.0884,7307,2239,,
2026-07-16,199.9000,204.4000,0.0278,0.2644,0.1885,0.9286,7307,2239,,
2026-07-17,204.4400,208.6000,0.0281,0.2497,0.1605,0.7408,7307,2239,,
2026-07-18,207.5900,211.9000,0.0289,0.2497,0.1673,0.9146,7307,2239,,
2026-07-19,208.0000,211.9000,0.0297,0.2501,0.2137,1.2942,7307,2239,,
2026-07-20,209.0000,212.0000,0.0283,0.2550,0.2672,1.6068,7307,2239,,
2026-07-21,210.9300,214.1400,0.0197,0.2585,0.2543,1.4187,7307,2240,,
2026-07-22,212.8550,214.6000,0.0175,0.3741,0.2086,1.0610,7308,2240,225.0000,-12.1450
2026-07-23,213.9000,215.2000,0.0149,0.2955,0.1843,0.9518,7310,2240,225.0000,-11.1000
2026-07-24,215.5100,216.8000,0.0150,0.4527,0.1437,1.0228,7311,2240,225.0000,-9.4900
2026-07-25,216.9000,219.6000,0.0155,0.4478,0.1408,1.1934,7313,2240,225.0000,-8.1000
2026-07-26,216.9000,220.2500,0.0157,0.4464,0.1874,1.4371,7313,2240,225.0000,-8.1000
2026-07-27,217.9000,220.4000,0.0182,0.4415,0.2198,1.4537,7313,2240,225.0000,-7.1000
2026-07-28,218.9000,221.1000,0.0178,0.4513,0.2035,1.0548,7313,2240,225.0000,-6.1000
2026-07-29,219.0000,221.7000,0.0178,0.4371,0.1605,0.8092,7313,2240,225.0000,-6.0000
2026-07-30,219.5400,222.4000,0.0179,0.4638,0.1492,0.7207,7313,2240,225.0000,-5.4600
2026-07-31,220.6000,223.0000,0.0191,0.4692,0.1365,0.6482,7314,2240,225.0000,-4.4000
2026-08-01,221.9000,224.0000,0.0216,0.5281,0.1684,0.7283,7314,2240,225.0000,-3.1000
2026-08-02,222.0000,224.2000,0.0220,0.5317,0.2295,0.9797,7314,2240,225.0000,-3.0000
2026-08-03,222.5000,224.9800,0.0221,0.5321,0.2611,1.2673,7314,2240,225.0000,-2.5000
2026-08-04,222.9000,224.6650,0.0180,0.5085,0.2358,1.3190,7314,2240,225.0000,-2.1000
2026-08-05,222.3000,223.5000,0.0174,0.4058,0.1811,1.1729,7314,2240,225.0000,-2.7000
2026-08-06,220.9750,221.5000,0.0161,0.2942,0.1632,1.0103,7314,2240,225.0000,-4.0250
2026-08-07,219.6400,220.4000,0.0176,0.2531,0.1319,0.8486,7315,2240,225.0000,-5.3600
2026-08-08,218.0000,219.4000,0.0182,0.2344,0.1244,0.9554,7317,2240,225.0000,-7.0000
2026-08-09,217.9000,219.3000,0.0183,0.2317,0.1439,1.3581,7317,2240,225.0000,-7.1000
2026-08-10,216.9000,219.2000,0.0190,0.2271,0.1705,1.6081,7317,2241,225.0000,-8.1000
2026-08-11,215.9000,220.3000,0.0186,0.2829,0.1593,1.4434,7318,2241,225.0000,-9.1000
2026-08-12,216.6000,221.7000,0.0169,0.3400,0.1329,1.1623,7318,2241,225.0000,-8.4000
2026-08-13,218.0000,222.7000,0.0163,0.4179,0.1326,0.9354,7318,2242,225.0000,-7.0000
2026-08-14,219.3950,222.9000,0.0169,0.4331,0.1357,0.8505,7318,2242,225.0000,-5.6050
2026-08-15,219.9000,221.9000,0.0161,0.4358,0.1454,0.8935,7318,2242,225.0000,-5.1000
2026-08-16,219.9000,221.9000,0.0160,0.4367,0.1687,1.0942,7318,2242,225.0000,-5.1000
2026-08-17,219.9000,222.9800,0.0156,0.4358,0.1891,1.2689,7318,2242,225.0000,-5.1000
2026-08-18,220.4000,223.8700,0.0171,0.4657,0.1786,1.0420,7318,2242,225.0000,-4.6000
2026-08-19,221.3800,224.3550,0.0184,0.4817,0.1544,0.7916,7319,2242,225.0000,-3.6200
2026-08-20,222.0000,224.9000,0.0191,0.5027,0.1580,0.6763,7319,2242,225.0000,-3.0000
2026-08-21,222.9000,225.0000,0.0194,0.5156,0.1479,0.6766,7320,2242,225.0000,-2.1000
2026-08-22,223.1000,225.0000,0.0201,0.5281,0.1398,0.7330,7320,2242,225.0000,-1.9000
2026-08-23,223.4000,225.0000,0.0202,0.5312,0.1634,0.8150,7320,2242,225.0000,-1.6000
2026-08-24,223.5650,225.0000,0.0204,0.5393,0.1774,0.8819,7320,2242,225.0000,-1.4350
2026-08-25,223.9000,225.0000,0.0202,0.5348,0.1919,0.8371,7320,2242,225.0000,-1.1000
2026-08-26,223.7000,225.0000,0.0197,0.5219,0.1665,0.6336,7321,2242,225.0000,-1.3000
2026-08-27,222.9200,224.4050,0.0188,0.4674,0.1435,0.5556,7321,2242,225.0000,-2.0800
2026-08-28,222.0000,223.8800,0.0169,0.4291,0.1279,0.5840,7321,2242,225.0000,-3.0000
2026-08-29,221.2000,222.5000,0.0164,0.4264,0.1195,0.5503,7322,2242,225.0000,-3.8000
2026-08-30,220.9000,222.4500,0.0164,0.4237,0.1346,0.6905,7322,2242,225.0000,-4.1000
2026-08-31,220.3800,223.1000,0.0167,0.4139,0.1601,0.9334,7322,2242,225.0000,-4.6200
2026-09-01,219.9000,223.9000,0.0179,0.4509,0.1743,0.9134,7322,2242,225.0000,-5.1000
2026-09-02,219.9000,225.0000,0.0210,0.5125,0.1660,0.6777,7324,2242,225.0000,-5.1000
2026-09-03,222.1000,225.0000,0.0242,0.5633,0.1572,0.5263,7324,2242,225.0000,-2.9000
2026-09-04,225.0000,225.0000,0.0292,0.7194,0.1369,0.5662,7324,2242,225.0000,0.0000
2026-09-05,226.9000,225.0000,0.0299,0.7744,0.1443,0.6598,7324,2243,225.0000,1.9000
2026-09-06,227.7000,225.0000,0.0296,0.7780,0.1828,0.8000,7325,2243,225.0000,2.7000
2026-09-07,227.9000,225.0000,0.0274,0.7927,0.2366,1.0996,7325,2243,225.0000,2.9000
2026-09-08,228.6000,225.0000,0.0293,0.8703,0.2410,1.1676,7327,2243,225.0000,3.6000
2026-09-09,229.0000,225.0000,0.0287,0.8939,0.2029,1.1839,7327,2244,225.0000,4.0000
2026-09-10,229.8000,225.0000,0.0232,0.9105,0.1904,1.2161,7327,2245,225.0000,4.8000
2026-09-11,229.9000,225.0000,0.0177,0.9185,0.1824,1.3678,7327,2246,225.0000,4.9000
2026-09-12,230.7700,225.0000,0.0164,0.9203,0.1964,1.9534,7330,2246,225.0000,5.7700
2026-09-13,230.9000,225.0000,0.0162,0.9203,0.2316,2.7739,7330,2246,225.0000,5.9000
2026-09-14,232.8000,225.0000,0.0146,0.9239,0.2550,3.6858,7330,2246,225.0000,7.8000
2026-09-15,235.4650,225.0000,0.0143,0.9279,0.2808,3.6461,7330,2247,225.0000,10.4650
2026-09-16,237.8400,225.0000,0.0136,0.9333,0.2756,3.7060,7331,2248,225.0000,12.8400
2026-09-17,239.9000,225.0000,0.0139,0.9386,0.2918,4.9359,7331,2248,225.0000,14.9000
2026-09-18,241.9000,225.0000,0.0139,0.9373,0.2950,6.4430,7331,2249,225.0000,16.9000
2026-09-19,242.9000,225.0000,0.0140,0.9378,0.3152,7.3398,7331,2249,225.0000,17.9000
2026-09-20,243.0000,225.0000,0.0140,0.9386,0.3751,9.6629,7331,2249,225.0000,18.0000
2026-09-21,242.9200,225.0000,0.0139,0.9391,0.4195,10.2305,7332,2249,225.0000,17.9200
2026-09-22,243.0650,225.0000,0.0142,0.9391,0.4164,8.2346,7332,2249,225.0000,18.0650
2026-09-23,242.9000,225.0000,0.0140,0.9422,0.3206,6.5764,7332,2251,225.0000,17.9000
2026-09-24,242.2000,225.0000,0.0140,0.9449,0.2717,5.9033,7332,2251,225.0000,17.2000
2026-09-25,241.7000,225.0000,0.0142,0.9467,0.2600,5.7706,7332,2251,225.0000,16.7000
2026-09-26,241.0000,225.0000,0.0143,0.9462,0.2826,6.6417,7332,2251,225.0000,16.0000
2026-09-27,240.9000,225.0000,0.0143,0.9480,0.3006,8.2181,7332,2251,225.0000,15.9000
