week,discount_ct,p_empty,expected_gain_eur,p_gain_positive,gain_p05,gain_p95
2026-03-02,1.1328,0.0069,0.5347,0.9933,0.4546,0.6741
2026-03-09,8.2258,0.0083,4.0374,0.9911,3.9757,4.2430
2026-03-16,7.6665,0.0057,3.7848,0.9942,3.6909,3.9698
2026-03-23,20.2347,0.0979,8.7104,0.9030,-4.1094,10.2560
2026-03-30,25.9985,0.3980,6.0121,0.6005,-6.5641,13.1171
2026-04-06,25.3460,0.4182,5.4724,0.5808,-6.6946,12.7973
2026-04-13,16.2391,0.1718,6.0635,0.8363,-5.2564,8.2284
2026-04-20,8.9030,0.0954,3.6122,0.9055,-4.1005,4.5534
2026-04-27,7.9058,0.0624,3.4468,0.9395,-2.6710,4.0553
2026-05-04,10.6973,0.1271,4.1165,0.8743,-4.8041,5.4484
2026-05-11,9.3501,0.1208,3.5787,0.8791,-4.6554,4.7739
2026-05-18,4.7193,0.0507,2.0158,0.9497,-1.4992,2.4409
2026-05-25,6.8341,0.0693,2.8987,0.9340,-3.0337,3.5203
2026-06-01,2.4838,0.0468,0.9715,0.9527,1.1073,1.3203
2026-06-08,3.1852,0.0270,1.4314,0.9724,1.4914,1.6763
2026-06-15,6.1458,0.0285,2.8638,0.9720,2.9297,3.1894
2026-06-22,2.6164,0.0293,1.1573,0.9727,1.1863,1.4066
2026-06-29,0.0649,0.0272,-0.0865,0.7312,-0.0609,0.1101
2026-07-20,4.9459,0.0517,2.1130,0.9476,-2.0214,2.6413
2026-07-27,5.8395,0.0381,2.6382,0.9626,2.7442,3.0478
2026-08-03,6.4958,0.0472,2.8834,0.9525,3.0911,3.3398
2026-08-10,4.6147,0.0475,1.9774,0.9507,2.0966,2.4153
2026-08-17,6.0744,0.0357,2.7511,0.9618,2.8822,3.1500
2026-08-24,7.1847,0.0282,3.3834,0.9735,3.4615,3.7020
2026-08-31,6.6300,0.0302,3.0804,0.9698,3.1773,3.4260
2026-09-07,11.7605,0.0641,5.2184,0.9358,-2.9848,6.0058
2026-09-14,20.5563,0.2346,6.7504,0.7617,-6.0092,10.4024
2026-09-21,23.6652,0.3070,6.7507,0.6898,-6.3637,11.9519
