week,coef,se,ci_low,ci_high
2026-01-05,-0.2009,0.0980,-0.3930,-0.0088
2026-01-12,0.0324,0.0826,-0.1295,0.1943
2026-01-19,0.0579,0.0774,-0.0938,0.2096
2026-01-26,0.0118,0.0680,-0.1214,0.1450
2026-02-02,0.1841,0.0600,0.0666,0.3016
2026-02-09,-0.0872,0.0473,-0.1799,0.0056
2026-02-16,0.0018,0.0000,0.0018,0.0018
2026-02-23,0.4899,0.0610,0.3704,0.6094
2026-03-02,1.2410,0.1748,0.8983,1.5836
2026-03-09,0.1593,0.2155,-0.2632,0.5817
2026-03-16,0.6474,0.2161,0.2237,1.0710
2026-03-23,-0.5068,0.2724,-1.0407,0.0270
2026-03-30,0.1776,0.2387,-0.2903,0.6456
2026-04-06,0.2802,0.2704,-0.2497,0.8102
2026-04-13,-2.0478,0.2692,-2.5753,-1.5202
2026-04-20,-2.0349,0.2644,-2.5530,-1.5168
2026-04-27,-0.8002,0.1936,-1.1796,-0.4208
2026-05-04,-1.3777,0.1832,-1.7368,-1.0186
2026-05-11,-2.0976,0.1954,-2.4807,-1.7146
2026-05-18,-1.1854,0.1633,-1.5054,-0.8653
2026-05-25,-1.8486,0.1818,-2.2049,-1.4924
2026-06-01,-1.1200,0.1758,-1.4647,-0.7753
2026-06-08,-0.9145,0.1570,-1.2223,-0.6068
2026-06-15,-1.9508,0.1908,-2.3248,-1.5769
2026-06-22,-1.2887,0.1963,-1.6735,-0.9039
2026-06-29,-0.3789,0.1623,-0.6970,-0.0608
2026-07-06,0.2363,0.1391,-0.0362,0.5089
2026-07-13,1.0140,0.1667,0.6873,1.3407
2026-07-20,0.9018,0.1730,0.5626,1.2409
2026-07-27,0.1690,0.1810,-0.1857,0.5237
2026-08-03,-0.5509,0.1876,-0.9186,-0.1833
2026-08-10,-0.0774,0.1764,-0.4232,0.2683
2026-08-17,0.3088,0.1842,-0.0522,0.6698
2026-08-24,-0.4128,0.1712,-0.7483,-0.0773
2026-08-31,0.1630,0.1705,-0.1711,0.4971
2026-09-07,0.0702,0.2043,-0.3303,0.4707
2026-09-14,0.3524,0.2497,-0.1371,0.8419
2026-09-21,-0.4425,0.2451,-0.9229,0.0378
